<?xml version="1.0" encoding="UTF-8"?>
<project-private xmlns="http://www.netbeans.org/ns/project-private/1">
    <editor-bookmarks xmlns="http://www.netbeans.org/ns/editor-bookmarks/2" lastBookmarkId="0"/>
    <open-files xmlns="http://www.netbeans.org/ns/projectui-open-files/2">
        <group>
            <file>file:/home/reroes/Documentos/clasesUTPLabril-agosto2020/POO-MaD/ejercicios-guia/guide/unit6/examples/lp/polimorfismo2/EjemploPolimorfismo002/src/paqueteuno/Estudiante.java</file>
            <file>file:/home/reroes/Documentos/clasesUTPLabril-agosto2020/POO-MaD/ejercicios-guia/guide/unit6/examples/lp/polimorfismo2/EjemploPolimorfismo002/src/paqueteuno/EjecutaEstudiante.java</file>
        </group>
    </open-files>
</project-private>
