<?xml version="1.0" encoding="UTF-8"?>
<project-private xmlns="http://www.netbeans.org/ns/project-private/1">
    <editor-bookmarks xmlns="http://www.netbeans.org/ns/editor-bookmarks/2" lastBookmarkId="0"/>
    <open-files xmlns="http://www.netbeans.org/ns/projectui-open-files/2">
        <group>
            <file>file:/home/reroes/Documentos/clasesUTPLMAD_aa2019/guide/unit2/examples/lp/constructor-c2/ConstructorUno/src/constructordos/Estudiante.java</file>
            <file>file:/home/reroes/Documentos/clasesUTPLMAD_aa2019/guide/unit2/examples/lp/constructor-c2/ConstructorUno/src/constructordos/EjecutaEstudiante.java</file>
        </group>
    </open-files>
</project-private>
